id|startTime|endTime|truncationLimit|truncationOrder
4398046511725|1625097600000|1629936000000|500|TIMESTAMP_DESCENDING
15393162789225|1627776000000|1630800000000|500|TIMESTAMP_DESCENDING
125|1638316800000|1640736000000|500|TIMESTAMP_DESCENDING
21990232556190|1625097600000|1629936000000|500|TIMESTAMP_DESCENDING
10995116278385|1609459200000|1612483200000|500|TIMESTAMP_DESCENDING
985|1625097600000|1627516800000|500|TIMESTAMP_DESCENDING
17592186045291|1630454400000|1633651200000|500|TIMESTAMP_DESCENDING
15393162789643|1619827200000|1622246400000|500|TIMESTAMP_DESCENDING
13194139533750|1614556800000|1617580800000|500|TIMESTAMP_DESCENDING
